Index,"Region, subregion, country or area","Country
code",1950,1955,1960,1965,1970,1975,1980,1985,1990,1995,2000,2005,2010,2015,2020,2025,2030,2035,2040,2045,2050
1,WORLD,900,"   29,6","   31,6","   33,8","   35,6","   36,6","   37,7","   39,3","   41,2","   43,0","   44,8","   46,7","   49,2","   51,7","   53,9","   56,2","   58,3","   60,4","   62,5","   64,5","   66,4","   68,4"
2,More developed regions,901,"   54,8","   57,9","   61,1","   64,1","   66,8","   68,8","   70,3","   71,4","   72,4","   73,3","   74,2","   75,9","   77,2","   78,1","   79,1","   80,2","   81,4","   82,7","   84,0","   85,4","   86,6"
3,Less developed regions,902,"   17,7","   19,7","   21,9","   24,0","   25,3","   26,9","   29,4","   32,2","   34,9","   37,5","   40,1","   43,1","   46,1","   49,0","   51,7","   54,3","   56,7","   59,0","   61,3","   63,4","   65,6"
4,Least developed countries,941,"   7,5","   8,5","   9,7","   11,1","   12,8","   14,5","   17,1","   19,3","   21,5","   23,4","   25,0","   27,1","   29,5","   32,0","   34,6","   37,4","   40,4","   43,4","   46,4","   49,4","   52,5"
5,"Less developed regions, excluding least developed countries",934,"   19,0","   21,1","   23,5","   25,6","   26,9","   28,5","   31,0","   34,0","   36,8","   39,6","   42,4","   45,7","   49,0","   52,1","   55,1","   57,8","   60,4","   62,8","   65,1","   67,3","   69,4"
6,"Less developed regions, excluding China",948,"   20,3","   22,3","   24,3","   26,4","   28,6","   30,9","   33,4","   35,7","   37,9","   39,6","   41,2","   43,0","   44,9","   46,8","   48,8","   50,9","   53,1","   55,4","   57,8","   60,2","   62,7"
7,High-income countries,1503,"   58,5","   61,1","   63,8","   66,3","   68,7","   70,4","   71,8","   73,1","   74,4","   75,7","   76,8","   78,6","   80,0","   80,9","   81,9","   82,8","   83,9","   85,0","   86,2","   87,3","   88,4"
8,Middle-income countries,1517,"   19,9","   22,2","   24,5","   26,7","   27,8","   29,4","   31,7","   34,3","   36,7","   39,1","   41,6","   44,7","   47,9","   50,8","   53,7","   56,5","   59,0","   61,5","   63,9","   66,1","   68,3"
9,Upper-middle-income countries,1502,"   22,1","   25,1","   28,4","   31,3","   32,2","   33,6","   36,3","   39,8","   42,9","   46,4","   50,3","   55,0","   59,8","   64,1","   68,2","   71,7","   74,8","   77,3","   79,3","   81,0","   82,6"
10,Lower-middle-income countries,1501,"   17,2","   18,6","   19,9","   21,2","   22,6","   24,3","   26,3","   28,2","   30,0","   31,6","   33,1","   35,0","   37,1","   39,2","   41,6","   44,2","   47,0","   49,9","   52,9","   56,0","   59,0"
11,Low-income countries,1500,"   9,3","   10,4","   11,9","   13,5","   15,7","   17,5","   19,1","   20,9","   22,8","   24,3","   25,7","   27,2","   28,9","   30,9","   33,2","   35,7","   38,3","   41,2","   44,2","   47,2","   50,2"
12,Sub-Saharan Africa,947,"   11,1","   12,9","   14,9","   16,5","   18,3","   20,4","   22,6","   24,9","   27,5","   29,6","   31,4","   33,7","   36,1","   38,8","   41,4","   44,2","   47,0","   49,8","   52,5","   55,3","   58,1"
13,AFRICA,903,"   14,3","   16,3","   18,6","   20,6","   22,6","   24,7","   26,8","   29,1","   31,5","   33,5","   35,0","   36,9","   38,9","   41,2","   43,5","   45,9","   48,4","   50,9","   53,6","   56,2","   58,9"
14,Eastern Africa,910,"   5,7","   6,7","   7,7","   9,1","   10,7","   12,5","   14,6","   16,2","   18,0","   19,7","   21,0","   22,5","   24,4","   26,6","   29,0","   31,6","   34,5","   37,5","   40,7","   43,8","   47,1"
15,Burundi,108,"   1,7","   1,9","   2,1","   2,3","   2,8","   3,5","   4,3","   5,2","   6,3","   7,2","   8,2","   9,4","   10,6","   12,1","   13,7","   15,5","   17,6","   19,9","   22,3","   25,0","   27,9"
16,Comoros,174,"   6,6","   9,2","   12,6","   17,0","   19,4","   21,2","   23,2","   25,5","   27,9","   28,3","   28,1","   27,9","   28,0","   28,5","   29,4","   30,7","   32,5","   34,6","   36,6","   38,8","   41,0"
17,Djibouti,262,"   39,8","   45,0","   50,3","   56,1","   61,8","   67,1","   72,1","   74,9","   76,0","   76,3","   76,5","   76,8","   77,0","   77,4","   78,1","   78,9","   80,0","   81,2","   82,4","   83,6","   84,7"
18,Eritrea,232,"   7,1","   8,4","   9,8","   11,5","   12,7","   13,5","   14,4","   15,8","   18,9","   22,5","   26,6","   31,1","   35,2","   38,2","   41,3","   44,6","   47,8","   51,0","   54,1","   57,1","   60,1"
19,Ethiopia,231,"   4,6","   5,4","   6,4","   7,6","   8,6","   9,5","   10,4","   11,5","   12,6","   13,8","   14,7","   15,7","   17,3","   19,4","   21,7","   24,2","   26,9","   29,7","   32,7","   35,8","   39,1"
20,Kenya,404,"   5,6","   6,4","   7,4","   8,6","   10,3","   12,9","   15,6","   16,1","   16,7","   18,3","   19,9","   21,7","   23,6","   25,7","   28,0","   30,6","   33,4","   36,5","   39,7","   42,9","   46,3"
21,Madagascar,450,"   7,8","   9,1","   10,6","   12,4","   14,1","   16,3","   18,5","   20,9","   23,6","   25,8","   27,1","   28,8","   31,9","   35,2","   38,5","   41,9","   45,2","   48,5","   51,6","   54,8","   57,9"
22,Malawi,454,"   3,5","   3,9","   4,4","   4,9","   6,1","   7,7","   9,1","   10,2","   11,6","   13,3","   14,6","   15,1","   15,5","   16,3","   17,4","   18,9","   20,9","   23,3","   26,0","   28,9","   32,0"
23,Mauritius,480,"   29,3","   31,6","   35,1","   38,8","   42,6","   43,4","   42,4","   42,3","   43,9","   43,3","   42,7","   42,1","   41,6","   41,0","   40,8","   41,0","   41,9","   43,2","   45,1","   47,3","   49,5"
24,Mayotte,175,"   8,5","   11,9","   16,3","   22,0","   25,1","   27,5","   30,1","   33,0","   36,1","   41,5","   47,7","   50,2","   49,0","   47,0","   45,8","   45,3","   45,7","   47,0","   49,0","   51,2","   53,4"
25,Mozambique,508,"   5,5","   6,1","   6,9","   7,9","   9,0","   10,9","   13,2","   18,3","   25,0","   27,5","   29,1","   30,0","   31,8","   34,4","   37,1","   39,9","   42,9","   46,0","   49,1","   52,2","   55,3"
26,Réunion,638,"   23,5","   27,9","   32,8","   38,2","   41,7","   44,5","   53,5","   67,9","   81,2","   86,1","   91,2","   96,3","   98,5","   99,3","   99,7","   99,8","   99,9","   99,9","   99,9","   99,9","   99,9"
27,Rwanda,646,"   2,1","   2,3","   2,6","   2,9","   3,2","   4,0","   4,7","   5,1","   5,4","   9,8","   14,9","   16,9","   16,9","   17,0","   17,4","   18,3","   19,6","   21,5","   23,9","   26,7","   29,6"
28,Seychelles,690,"   27,4","   27,5","   27,7","   33,1","   39,1","   46,3","   49,4","   49,3","   49,3","   49,6","   50,4","   51,7","   53,3","   55,4","   57,5","   59,7","   61,7","   63,8","   65,8","   67,7","   69,6"
29,Somalia,706,"   12,7","   14,9","   17,3","   20,0","   22,7","   25,5","   26,8","   28,1","   29,7","   31,4","   33,2","   36,3","   39,3","   43,2","   46,1","   49,1","   52,1","   55,2","   58,1","   61,0","   63,8"
30,South Sudan,728,"   8,9","   8,8","   8,7","   8,7","   8,6","   8,6","   8,5","   9,8","   13,3","   15,9","   16,5","   17,2","   17,9","   18,9","   20,2","   21,9","   24,1","   26,8","   29,7","   32,8","   36,0"
31,Uganda,800,"   2,8","   3,5","   4,4","   5,5","   6,7","   7,0","   7,5","   9,2","   11,1","   12,8","   14,8","   17,0","   19,4","   22,1","   25,0","   28,0","   31,2","   34,4","   37,7","   40,9","   44,1"
32,United Republic of Tanzania,834,"   3,5","   4,4","   5,2","   6,0","   7,9","   11,1","   14,6","   16,8","   18,9","   20,5","   22,3","   24,8","   28,1","   31,6","   35,2","   38,9","   42,4","   45,9","   49,1","   52,3","   55,4"
33,Zambia,894,"   11,5","   14,5","   18,1","   23,4","   30,4","   34,9","   39,8","   39,7","   39,4","   37,1","   34,8","   36,9","   39,4","   41,9","   44,6","   47,5","   50,5","   53,5","   56,5","   59,5","   62,4"
34,Zimbabwe,716,"   10,6","   11,6","   12,6","   14,6","   17,4","   19,9","   22,4","   25,4","   29,0","   31,7","   33,8","   34,1","   33,2","   32,4","   32,2","   32,9","   34,2","   36,4","   39,4","   42,6","   45,9"
35,Middle Africa,911,"   13,9","   15,6","   17,6","   19,6","   21,9","   25,2","   28,1","   31,0","   34,0","   36,9","   39,7","   42,6","   45,2","   47,9","   50,6","   53,4","   56,2","   59,0","   61,7","   64,4","   67,0"
36,Angola,24,"   7,6","   8,9","   10,4","   12,5","   15,0","   19,1","   24,3","   30,3","   37,1","   44,2","   50,1","   56,0","   59,8","   63,4","   66,8","   69,9","   72,5","   74,9","   76,9","   78,7","   80,4"
37,Cameroon,120,"   9,3","   11,4","   13,9","   16,9","   20,3","   27,3","   31,9","   36,2","   39,7","   42,6","   45,5","   48,5","   51,6","   54,6","   57,6","   60,5","   63,2","   65,9","   68,4","   70,8","   73,1"
38,Central African Republic,140,"   14,4","   17,1","   20,1","   23,5","   27,5","   32,0","   33,9","   35,5","   36,8","   37,2","   37,6","   38,1","   38,9","   40,3","   42,2","   44,7","   47,6","   50,8","   54,0","   57,1","   60,2"
39,Chad,148,"   4,5","   5,5","   6,7","   8,4","   11,6","   15,6","   18,8","   19,8","   20,8","   21,5","   21,6","   21,8","   22,0","   22,5","   23,5","   25,0","   27,1","   29,8","   32,8","   36,0","   39,3"
40,Congo,178,"   24,9","   28,1","   31,6","   35,3","   39,1","   43,3","   47,9","   52,2","   54,3","   56,4","   58,7","   61,0","   63,3","   65,5","   67,8","   70,1","   72,3","   74,4","   76,4","   78,2","   80,0"
41,Democratic Republic of the Congo,180,"   19,1","   20,7","   22,3","   23,4","   24,6","   25,8","   27,1","   28,5","   30,6","   32,8","   35,1","   37,5","   40,0","   42,7","   45,6","   48,7","   51,8","   54,8","   57,9","   60,9","   63,8"
42,Equatorial Guinea,226,"   15,5","   20,4","   25,5","   26,5","   27,0","   27,4","   27,9","   29,9","   34,7","   40,5","   49,1","   57,7","   65,9","   70,6","   73,1","   75,3","   77,2","   78,9","   80,3","   81,6","   82,8"
43,Gabon,266,"   11,4","   14,1","   17,4","   23,8","   32,0","   43,0","   54,7","   62,4","   69,1","   74,8","   78,9","   82,5","   85,5","   88,1","   90,1","   91,6","   92,7","   93,5","   94,0","   94,5","   95,0"
44,Sao Tome and Principe,678,"   13,5","   14,7","   16,1","   21,8","   29,5","   31,6","   33,5","   38,0","   43,6","   48,6","   53,4","   59,2","   65,0","   70,2","   74,4","   77,6","   80,0","   81,8","   83,1","   84,2","   85,3"
45,Northern Africa,912,"   25,9","   28,6","   31,5","   34,5","   37,0","   39,4","   41,3","   43,5","   45,7","   47,3","   48,3","   49,3","   50,5","   51,4","   52,5","   53,8","   55,3","   57,2","   59,4","   61,7","   64,1"
46,Algeria,12,"   22,2","   26,1","   30,5","   37,6","   39,5","   40,3","   43,5","   48,0","   52,1","   56,0","   59,9","   63,8","   67,5","   70,8","   73,7","   76,2","   78,3","   80,0","   81,6","   83,1","   84,5"
47,Egypt,818,"   31,9","   34,8","   37,9","   39,7","   41,5","   43,3","   43,9","   43,9","   43,5","   42,8","   42,8","   43,0","   43,0","   42,8","   42,8","   43,4","   44,8","   46,8","   49,4","   52,5","   55,6"
48,Libya,434,"   19,5","   23,2","   27,3","   33,7","   49,7","   62,8","   70,1","   75,5","   75,7","   76,0","   76,4","   77,1","   78,1","   79,3","   80,7","   82,2","   83,6","   85,0","   86,2","   87,4","   88,4"
49,Morocco,504,"   26,2","   27,7","   29,4","   31,9","   34,5","   37,7","   41,2","   44,8","   48,4","   51,7","   53,3","   55,2","   58,0","   60,8","   63,5","   66,2","   68,7","   71,0","   73,2","   75,3","   77,2"
50,Sudan,729,"   6,8","   8,6","   10,7","   13,4","   16,5","   18,9","   20,0","   22,9","   28,6","   32,2","   32,5","   32,8","   33,1","   33,9","   35,3","   37,2","   39,7","   42,8","   46,0","   49,3","   52,6"
51,Tunisia,788,"   32,3","   35,2","   37,5","   39,7","   43,5","   47,6","   50,6","   53,8","   57,9","   61,5","   63,4","   65,2","   66,7","   68,1","   69,6","   71,2","   73,0","   74,8","   76,7","   78,5","   80,2"
52,Western Sahara,732,"   31,0","   31,1","   31,2","   36,2","   42,1","   59,5","   75,7","   82,3","   84,1","   85,5","   85,8","   86,0","   86,3","   86,5","   86,8","   87,3","   87,8","   88,5","   89,2","   90,0","   90,7"
53,Southern Africa,913,"   37,7","   39,8","   42,0","   42,9","   43,7","   44,3","   44,8","   46,0","   48,8","   51,4","   53,8","   56,5","   59,4","   62,1","   64,6","   67,1","   69,4","   71,6","   73,6","   75,4","   77,2"
54,Botswana,72,"   2,7","   2,9","   3,1","   3,8","   7,8","   11,9","   16,5","   26,7","   41,9","   49,0","   53,2","   55,9","   62,4","   67,2","   70,9","   74,1","   76,8","   79,1","   81,0","   82,5","   83,9"
55,Lesotho,426,"   1,8","   2,0","   3,5","   6,4","   8,6","   10,8","   11,5","   11,8","   14,0","   17,0","   19,5","   22,2","   24,8","   26,9","   29,0","   31,4","   34,0","   36,9","   39,9","   43,1","   46,4"
56,Namibia,516,"   13,4","   15,5","   17,9","   20,0","   22,3","   23,7","   25,1","   26,4","   27,7","   29,8","   32,4","   36,6","   41,6","   46,9","   52,0","   56,7","   60,8","   64,2","   67,1","   69,5","   71,8"
57,South Africa,710,"   42,2","   44,4","   46,6","   47,2","   47,8","   48,1","   48,4","   49,4","   52,0","   54,5","   56,9","   59,5","   62,2","   64,8","   67,4","   69,8","   72,1","   74,2","   76,2","   78,0","   79,8"
58,Swaziland,748,"   2,2","   2,5","   3,9","   6,5","   9,7","   14,0","   16,5","   18,3","   20,2","   22,3","   22,7","   22,0","   22,5","   23,3","   24,2","   25,2","   26,5","   28,1","   29,8","   31,8","   33,8"
59,Western Africa,914,"   9,3","   11,7","   14,6","   16,6","   18,7","   21,1","   23,6","   26,9","   30,2","   32,3","   34,5","   37,8","   41,1","   44,5","   47,7","   50,7","   53,6","   56,3","   58,9","   61,4","   63,8"
60,Benin,204,"   5,0","   6,8","   9,3","   12,5","   16,7","   21,9","   27,3","   30,8","   34,5","   36,8","   38,3","   40,5","   43,1","   45,7","   48,4","   51,2","   54,1","   57,1","   59,9","   62,7","   65,4"
61,Burkina Faso,854,"   3,8","   4,2","   4,7","   5,2","   5,7","   6,3","   8,8","   12,3","   13,8","   15,1","   17,8","   21,5","   24,6","   27,5","   30,6","   33,8","   37,1","   40,4","   43,7","   46,9","   50,2"
62,Cabo Verde,132,"   14,2","   15,4","   16,7","   18,1","   19,6","   21,4","   23,5","   31,5","   44,1","   48,8","   53,4","   57,7","   61,8","   64,3","   66,7","   68,8","   70,9","   72,7","   74,4","   76,0","   77,5"
63,Côte d'Ivoire,384,"   10,0","   13,1","   17,7","   24,5","   28,2","   32,2","   36,8","   37,9","   39,3","   41,2","   43,2","   45,2","   47,3","   49,4","   51,7","   54,1","   56,7","   59,4","   62,2","   64,8","   67,4"
64,Gambia,270,"   10,3","   11,2","   12,1","   14,5","   19,5","   24,4","   28,4","   33,0","   38,3","   43,4","   47,9","   52,0","   55,7","   59,2","   62,6","   65,7","   68,5","   71,0","   73,2","   75,3","   77,2"
65,Ghana,288,"   15,4","   19,1","   23,3","   26,1","   29,0","   30,0","   31,2","   32,9","   36,4","   40,1","   43,9","   47,3","   50,7","   54,1","   57,3","   60,5","   63,4","   66,1","   68,6","   70,9","   73,2"
66,Guinea,324,"   6,7","   8,4","   10,5","   13,0","   16,0","   19,5","   23,6","   26,6","   28,0","   29,5","   30,9","   32,3","   33,7","   35,1","   36,9","   39,0","   41,4","   44,2","   47,3","   50,4","   53,6"
67,Guinea-Bissau,624,"   10,0","   11,7","   13,6","   14,3","   15,1","   16,0","   17,8","   23,7","   30,8","   34,4","   36,2","   38,2","   40,1","   42,1","   44,2","   46,3","   48,5","   50,7","   52,9","   55,1","   57,2"
68,Liberia,430,"   13,0","   15,6","   18,6","   22,1","   26,0","   30,4","   35,2","   42,4","   55,4","   46,0","   44,3","   46,1","   47,8","   49,8","   52,1","   54,6","   57,3","   60,1","   62,9","   65,6","   68,2"
69,Mali,466,"   8,5","   9,7","   11,1","   12,6","   14,3","   16,2","   18,5","   21,0","   23,3","   25,5","   28,4","   32,1","   36,0","   40,0","   43,9","   47,7","   51,2","   54,4","   57,4","   60,3","   63,2"
70,Mauritania,478,"   3,1","   4,6","   6,9","   10,1","   14,6","   20,6","   27,4","   35,0","   39,3","   38,7","   38,1","   42,1","   46,6","   51,1","   55,3","   59,2","   62,7","   65,7","   68,2","   70,6","   72,9"
71,Niger,562,"   4,9","   5,3","   5,8","   6,8","   8,8","   11,4","   13,4","   14,5","   15,4","   15,8","   16,2","   16,2","   16,2","   16,2","   16,6","   17,4","   18,7","   20,5","   22,9","   25,6","   28,4"
72,Nigeria,566,"   9,4","   12,1","   15,4","   16,6","   17,8","   19,8","   22,0","   25,6","   29,7","   32,2","   34,8","   39,1","   43,5","   47,8","   52,0","   55,8","   59,2","   62,2","   64,9","   67,4","   69,9"
73,Saint Helena,654,"   51,4","   50,3","   49,2","   48,1","   46,4","   44,5","   43,8","   43,5","   42,6","   41,3","   40,4","   39,9","   39,5","   39,5","   40,1","   41,1","   42,7","   44,8","   47,0","   49,2","   51,4"
74,Senegal,686,"   17,2","   20,0","   23,0","   26,4","   30,0","   33,7","   35,8","   37,5","   38,9","   39,6","   40,3","   41,7","   43,8","   45,9","   48,1","   50,6","   53,2","   56,0","   58,9","   61,7","   64,5"
75,Sierra Leone,694,"   12,6","   14,8","   17,4","   20,4","   24,0","   27,7","   29,8","   32,0","   33,3","   34,4","   35,6","   36,9","   38,9","   40,8","   42,9","   45,3","   47,8","   50,6","   53,6","   56,6","   59,6"
76,Togo,768,"   4,4","   6,7","   10,1","   15,0","   21,3","   22,9","   24,7","   26,6","   28,6","   30,7","   32,9","   35,2","   37,5","   40,1","   42,8","   45,6","   48,6","   51,6","   54,7","   57,6","   60,6"
77,ASIA,935,"   17,5","   19,3","   21,2","   22,9","   23,7","   25,0","   27,1","   29,8","   32,3","   34,8","   37,5","   41,2","   44,8","   48,0","   51,1","   54,0","   56,7","   59,2","   61,6","   63,9","   66,2"
78,Eastern Asia,906,"   17,9","   20,2","   22,9","   25,1","   25,0","   25,5","   27,5","   30,7","   33,9","   37,8","   42,0","   48,3","   54,4","   59,8","   64,8","   69,2","   72,8","   75,7","   78,0","   79,8","   81,4"
79,China,156,"   11,8","   13,9","   16,2","   18,1","   17,4","   17,4","   19,4","   22,9","   26,4","   31,0","   35,9","   42,5","   49,2","   55,5","   61,4","   66,5","   70,6","   73,9","   76,4","   78,3","   80,0"
80,"China, Hong Kong SAR",344,"   85,2","   85,2","   85,2","   86,4","   87,7","   89,7","   91,5","   92,9","   99,5","   100,0","   100,0","   100,0","   100,0","   100,0","   100,0","   100,0","   100,0","   100,0","   100,0","   100,0","   100,0"
81,"China, Macao SAR",446,"   96,9","   96,2","   95,3","   96,2","   97,0","   97,9","   98,5","   99,4","   99,8","   99,9","   100,0","   100,0","   100,0","   100,0","   100,0","   100,0","   100,0","   100,0","   100,0","   100,0","   100,0"
82,"China, Taiwan Province of China",158,"   26,8","   29,1","   31,4","   33,9","   36,5","   39,8","   48,7","   57,7","   66,3","   68,4","   69,9","   72,3","   74,7","   76,9","   78,9","   80,8","   82,4","   83,9","   85,1","   86,4","   87,5"
83,Dem. People's Republic of Korea,408,"   31,0","   35,5","   40,2","   45,1","   54,2","   56,7","   56,9","   57,6","   58,4","   59,0","   59,4","   59,8","   60,4","   61,3","   62,4","   63,8","   65,6","   67,6","   69,8","   72,0","   74,2"
84,Japan,392,"   53,4","   58,4","   63,3","   67,9","   71,9","   75,7","   76,2","   76,7","   77,3","   78,0","   78,6","   86,0","   90,8","   91,4","   91,8","   92,2","   92,7","   93,2","   93,7","   94,2","   94,7"
85,Mongolia,496,"   20,0","   26,6","   35,7","   42,1","   45,1","   48,7","   52,1","   55,0","   57,0","   56,8","   57,1","   62,5","   67,6","   68,2","   68,7","   69,5","   70,6","   72,1","   73,9","   75,8","   77,7"
86,Republic of Korea,410,"   21,4","   24,4","   27,7","   32,4","   40,7","   48,0","   56,7","   64,9","   73,8","   78,2","   79,6","   81,3","   81,9","   81,6","   81,4","   81,6","   82,0","   82,9","   84,0","   85,2","   86,4"
87,South-Central Asia,921,"   16,6","   17,4","   18,2","   19,3","   20,5","   22,3","   24,4","   25,9","   27,3","   28,4","   29,6","   31,3","   33,1","   35,0","   37,1","   39,4","   42,0","   44,9","   47,9","   51,0","   54,1"
88,Central Asia,5500,"   32,7","   35,9","   38,9","   40,9","   42,8","   44,4","   45,2","   45,4","   45,2","   45,2","   45,7","   46,8","   48,0","   48,1","   48,3","   49,1","   50,5","   52,5","   54,9","   57,7","   60,5"
89,Kazakhstan,398,"   36,4","   40,4","   44,2","   47,0","   50,2","   52,6","   54,1","   56,0","   56,3","   55,9","   56,1","   56,5","   56,8","   57,2","   57,7","   58,6","   60,0","   61,9","   64,1","   66,6","   69,1"
90,Kyrgyzstan,417,"   26,5","   30,6","   34,2","   35,9","   37,5","   38,2","   38,6","   38,4","   37,8","   36,3","   35,3","   35,3","   35,3","   35,8","   36,9","   38,6","   40,9","   43,9","   47,1","   50,3","   53,6"
91,Tajikistan,762,"   29,4","   31,2","   33,2","   35,2","   36,9","   35,5","   34,3","   33,2","   31,7","   28,9","   26,5","   26,5","   26,5","   26,7","   27,5","   28,8","   30,8","   33,3","   36,4","   39,7","   43,0"
92,Turkmenistan,795,"   45,0","   45,7","   46,4","   47,1","   47,8","   47,6","   47,1","   46,0","   45,1","   44,8","   45,9","   47,1","   48,5","   50,3","   52,5","   55,1","   57,9","   60,8","   63,6","   66,3","   68,9"
93,Uzbekistan,860,"   28,9","   31,6","   34,0","   35,3","   36,7","   39,1","   40,8","   40,7","   41,4","   43,7","   46,1","   48,5","   51,0","   50,8","   50,4","   50,7","   51,8","   53,5","   55,8","   58,7","   61,5"
94,Southern Asia,5501,"   16,0","   16,7","   17,4","   18,4","   19,5","   21,3","   23,4","   25,1","   26,5","   27,8","   29,0","   30,7","   32,5","   34,5","   36,6","   39,1","   41,7","   44,6","   47,6","   50,7","   53,8"
95,Afghanistan,4,"   6,0","   7,1","   8,4","   9,9","   11,6","   13,6","   16,0","   19,0","   21,2","   21,6","   22,1","   22,7","   23,7","   24,8","   26,0","   27,6","   29,6","   32,0","   34,8","   37,9","   41,2"
96,Bangladesh,50,"   4,3","   4,7","   5,1","   6,2","   7,6","   9,8","   14,9","   17,5","   19,8","   21,7","   23,6","   26,8","   30,5","   34,3","   38,2","   42,0","   45,6","   49,0","   52,2","   55,3","   58,4"
97,Bhutan,64,"   2,1","   2,8","   3,6","   4,7","   6,1","   7,9","   10,1","   12,9","   16,4","   20,5","   25,4","   31,0","   34,8","   38,7","   42,3","   45,6","   48,6","   51,1","   53,3","   55,5","   57,7"
98,India,356,"   17,0","   17,6","   17,9","   18,8","   19,8","   21,3","   23,1","   24,3","   25,5","   26,6","   27,7","   29,2","   30,9","   32,8","   34,9","   37,4","   40,1","   43,2","   46,4","   49,6","   52,8"
99,Iran (Islamic Republic of),364,"   27,5","   30,6","   33,7","   37,1","   41,2","   45,7","   49,7","   53,4","   56,3","   60,2","   64,0","   67,6","   70,6","   73,4","   75,9","   78,1","   80,1","   81,9","   83,4","   84,8","   86,0"
100,Maldives,462,"   10,6","   10,9","   11,2","   11,5","   11,9","   17,3","   22,3","   25,5","   25,8","   25,6","   27,7","   33,8","   36,4","   38,5","   40,7","   42,8","   45,0","   47,3","   49,5","   51,7","   53,9"
101,Nepal,524,"   2,7","   3,1","   3,5","   3,7","   4,0","   4,8","   6,1","   7,4","   8,9","   10,9","   13,4","   15,1","   16,8","   18,6","   20,6","   22,8","   25,4","   28,1","   31,0","   34,1","   37,4"
102,Pakistan,586,"   17,5","   19,7","   22,1","   23,5","   24,8","   26,3","   28,1","   29,3","   30,6","   31,8","   33,0","   34,0","   35,0","   36,0","   37,2","   38,7","   40,7","   43,1","   45,9","   49,0","   52,2"
103,Sri Lanka,144,"   15,3","   15,6","   16,4","   17,1","   17,6","   18,1","   18,6","   18,6","   18,5","   18,5","   18,4","   18,3","   18,2","   18,3","   18,7","   19,6","   21,1","   23,1","   25,7","   28,6","   31,6"
104,South-Eastern Asia,920,"   15,6","   17,1","   18,6","   19,9","   21,5","   23,2","   25,5","   28,3","   31,5","   34,5","   37,9","   41,1","   44,3","   47,2","   50,0","   52,8","   55,6","   58,3","   61,0","   63,5","   66,0"
105,Brunei Darussalam,96,"   26,8","   34,6","   43,4","   52,6","   61,7","   64,2","   64,9","   65,7","   66,4","   68,6","   71,2","   73,2","   75,0","   76,7","   78,3","   79,7","   81,1","   82,4","   83,5","   84,6","   85,7"
106,Cambodia,116,"   10,2","   10,2","   10,3","   10,8","   16,0","   4,5","   9,9","   13,9","   15,5","   17,3","   18,6","   19,2","   20,3","   22,2","   24,2","   26,5","   29,0","   31,8","   34,8","   37,9","   41,2"
107,Indonesia,360,"   12,4","   13,5","   14,6","   15,8","   17,1","   19,3","   22,1","   26,1","   30,6","   36,1","   42,0","   45,9","   49,9","   53,3","   56,6","   59,8","   62,8","   65,6","   68,2","   70,6","   72,8"
108,Lao People's Democratic Republic,418,"   7,2","   7,6","   7,9","   8,3","   9,6","   11,1","   12,4","   13,8","   15,4","   17,4","   22,0","   27,2","   30,1","   33,1","   36,3","   39,6","   42,9","   46,2","   49,4","   52,6","   55,7"
109,Malaysia,458,"   20,4","   23,4","   26,6","   29,9","   33,5","   37,7","   42,0","   45,9","   49,8","   55,7","   62,0","   66,6","   70,9","   74,2","   77,2","   79,7","   81,8","   83,5","   85,0","   86,2","   87,3"
110,Myanmar,104,"   16,2","   17,6","   19,2","   21,0","   22,8","   23,9","   24,0","   24,4","   25,2","   26,1","   27,0","   27,9","   28,9","   29,9","   31,1","   32,8","   35,0","   37,6","   40,6","   43,8","   47,1"
111,Philippines,608,"   27,1","   28,7","   30,3","   31,6","   33,0","   35,6","   37,5","   42,2","   47,0","   46,6","   46,1","   45,7","   45,3","   46,3","   47,4","   49,0","   50,9","   53,3","   56,0","   58,9","   61,8"
112,Singapore,702,"   99,4","   100,0","   100,0","   100,0","   100,0","   100,0","   100,0","   100,0","   100,0","   100,0","   100,0","   100,0","   100,0","   100,0","   100,0","   100,0","   100,0","   100,0","   100,0","   100,0","   100,0"
113,Thailand,764,"   16,5","   18,0","   19,7","   20,2","   20,9","   23,8","   26,8","   28,1","   29,4","   30,3","   31,4","   37,4","   43,9","   47,7","   51,4","   55,0","   58,4","   61,6","   64,4","   67,0","   69,5"
114,Timor-Leste,626,"   9,9","   10,0","   10,1","   11,4","   12,9","   14,6","   16,5","   18,6","   20,8","   22,5","   24,3","   26,0","   27,7","   29,5","   31,3","   33,2","   35,2","   37,3","   39,4","   41,6","   43,7"
115,Viet Nam,704,"   11,6","   13,1","   14,7","   16,4","   18,3","   18,8","   19,2","   19,6","   20,3","   22,2","   24,4","   27,3","   30,4","   33,8","   37,3","   40,9","   44,5","   47,9","   51,2","   54,3","   57,3"
116,Western Asia,922,"   28,9","   32,6","   36,4","   40,4","   44,8","   48,9","   52,1","   57,4","   61,1","   62,4","   63,8","   65,8","   68,2","   70,4","   72,3","   73,8","   75,4","   76,9","   78,5","   80,0","   81,4"
117,Armenia,51,"   40,3","   46,0","   51,3","   55,6","   59,9","   63,6","   66,1","   67,1","   67,4","   66,1","   64,7","   63,9","   63,4","   63,1","   63,3","   64,1","   65,5","   67,5","   69,8","   72,1","   74,3"
118,Azerbaijan,31,"   45,7","   50,0","   52,7","   51,2","   50,0","   51,9","   52,8","   53,5","   53,7","   52,2","   51,4","   52,4","   53,4","   54,7","   56,4","   58,4","   60,8","   63,4","   66,0","   68,5","   71,0"
119,Bahrain,48,"   64,4","   75,5","   82,3","   82,5","   83,8","   85,0","   86,1","   87,2","   88,1","   88,4","   88,4","   88,4","   88,6","   89,0","   89,5","   90,1","   90,8","   91,5","   92,1","   92,7","   93,2"
120,Cyprus,196,"   28,4","   32,3","   35,6","   38,2","   40,8","   47,3","   58,6","   64,7","   66,8","   68,0","   68,6","   68,3","   67,6","   66,9","   66,8","   67,2","   68,1","   69,4","   71,1","   72,8","   74,5"
121,Georgia,268,"   36,9","   40,1","   43,1","   45,5","   48,0","   50,3","   52,5","   54,2","   55,0","   53,8","   52,6","   53,6","   55,5","   57,4","   59,5","   61,6","   63,9","   66,2","   68,6","   70,9","   73,2"
122,Iraq,368,"   35,1","   37,6","   42,9","   50,7","   56,2","   61,4","   65,5","   68,8","   69,7","   68,8","   68,5","   68,8","   69,1","   69,9","   70,9","   72,1","   73,6","   75,2","   77,0","   78,8","   80,5"
123,Israel,376,"   71,0","   71,0","   76,8","   80,9","   84,2","   86,6","   88,6","   89,8","   90,4","   90,9","   91,2","   91,5","   91,8","   92,2","   92,6","   93,0","   93,5","   94,0","   94,5","   95,0","   95,4"
124,Jordan,400,"   37,0","   43,2","   50,9","   54,3","   56,0","   57,7","   60,0","   67,0","   73,3","   78,2","   78,3","   79,5","   86,1","   90,3","   91,4","   92,4","   93,2","   93,9","   94,4","   94,9","   95,3"
125,Kuwait,414,"   61,5","   69,3","   74,9","   79,3","   85,7","   89,4","   94,8","   97,9","   98,0","   98,1","   99,0","   100,0","   100,0","   100,0","   100,0","   100,0","   100,0","   100,0","   100,0","   100,0","   100,0"
126,Lebanon,422,"   32,0","   36,3","   42,3","   50,9","   59,5","   67,0","   73,7","   79,4","   83,1","   84,8","   86,0","   86,6","   87,3","   88,1","   88,9","   89,8","   90,6","   91,4","   92,1","   92,7","   93,4"
127,Oman,512,"   8,6","   12,0","   16,4","   22,3","   29,7","   38,2","   47,6","   57,1","   66,1","   71,7","   71,6","   72,4","   75,2","   81,4","   86,3","   89,5","   91,7","   93,1","   93,9","   94,4","   94,9"
128,Qatar,634,"   80,5","   83,0","   85,3","   87,1","   88,4","   88,9","   89,4","   90,1","   92,8","   95,0","   96,3","   97,4","   98,5","   98,9","   99,2","   99,4","   99,5","   99,6","   99,6","   99,7","   99,7"
129,Saudi Arabia,682,"   21,3","   26,0","   31,3","   38,8","   48,7","   58,3","   65,9","   72,6","   76,6","   78,7","   79,8","   81,0","   82,1","   83,2","   84,3","   85,4","   86,5","   87,5","   88,5","   89,5","   90,4"
130,State of Palestine,275,"   37,3","   40,6","   44,0","   48,9","   54,3","   59,6","   62,4","   65,1","   67,7","   70,2","   72,0","   73,1","   74,1","   75,4","   76,7","   78,2","   79,7","   81,3","   82,8","   84,2","   85,5"
131,Syrian Arab Republic,760,"   32,7","   34,7","   36,8","   40,0","   43,3","   45,1","   46,7","   47,9","   48,9","   50,1","   51,9","   53,8","   55,6","   52,2","   55,5","   58,7","   61,7","   64,6","   67,2","   69,7","   71,9"
132,Turkey,792,"   24,8","   28,6","   31,5","   34,2","   38,2","   41,6","   43,8","   52,4","   59,2","   62,1","   64,7","   67,8","   70,8","   73,6","   76,1","   78,3","   80,2","   81,9","   83,4","   84,7","   86,0"
133,United Arab Emirates,784,"   54,5","   64,6","   73,5","   77,7","   79,8","   79,8","   80,7","   79,8","   79,1","   78,3","   80,2","   82,3","   84,1","   85,7","   87,0","   88,2","   89,2","   90,1","   90,9","   91,7","   92,4"
134,Yemen,887,"   5,8","   7,3","   9,1","   11,0","   13,3","   14,8","   16,5","   18,4","   20,9","   23,8","   26,3","   28,9","   31,8","   34,8","   37,9","   41,1","   44,4","   47,6","   50,8","   54,0","   57,2"
135,EUROPE,908,"   51,7","   54,5","   57,4","   60,3","   63,1","   65,5","   67,6","   68,9","   69,9","   70,5","   71,1","   71,9","   72,9","   73,9","   74,9","   76,1","   77,5","   79,0","   80,6","   82,2","   83,7"
136,Eastern Europe,923,"   39,7","   44,4","   48,9","   52,8","   56,6","   60,4","   63,8","   66,2","   68,0","   68,2","   68,2","   68,5","   68,9","   69,3","   69,9","   70,9","   72,2","   73,9","   75,7","   77,6","   79,4"
137,Belarus,112,"   26,2","   28,9","   32,4","   38,1","   44,0","   50,6","   56,5","   61,8","   66,0","   67,9","   70,0","   72,4","   74,7","   77,2","   79,5","   81,5","   83,3","   84,8","   86,1","   87,2","   88,3"
138,Bulgaria,100,"   27,6","   32,2","   37,1","   45,8","   52,3","   57,6","   62,1","   64,6","   66,4","   67,8","   68,9","   70,6","   72,3","   74,0","   75,7","   77,4","   79,0","   80,6","   82,2","   83,6","   84,9"
139,Czechia,203,"   54,2","   56,9","   59,5","   62,0","   64,4","   69,9","   75,2","   75,4","   75,2","   74,6","   74,0","   73,6","   73,3","   73,5","   74,1","   74,9","   76,1","   77,4","   79,0","   80,6","   82,2"
140,Hungary,348,"   53,0","   54,4","   55,9","   58,0","   60,1","   62,2","   64,2","   65,1","   65,8","   65,2","   64,6","   66,4","   68,9","   70,5","   71,9","   73,5","   75,1","   76,8","   78,6","   80,2","   81,8"
141,Poland,616,"   38,3","   43,2","   47,9","   50,1","   52,1","   55,3","   58,1","   59,9","   61,3","   61,5","   61,7","   61,5","   60,9","   60,3","   60,0","   60,5","   61,5","   63,2","   65,5","   68,0","   70,4"
142,Republic of Moldova,498,"   18,5","   20,7","   23,4","   27,6","   32,1","   36,2","   40,4","   44,2","   46,8","   46,3","   44,6","   42,8","   42,6","   42,5","   42,8","   43,9","   45,5","   47,8","   50,7","   53,8","   56,9"
143,Romania,642,"   25,6","   30,6","   34,2","   37,7","   40,3","   42,8","   46,1","   49,6","   53,2","   53,8","   53,0","   53,2","   53,8","   53,9","   54,2","   55,1","   56,6","   58,7","   61,3","   64,0","   66,7"
144,Russian Federation,643,"   44,1","   49,0","   53,7","   58,2","   62,5","   66,4","   69,8","   71,9","   73,4","   73,4","   73,4","   73,5","   73,7","   74,1","   74,8","   75,8","   77,1","   78,6","   80,3","   81,9","   83,3"
145,Slovakia,703,"   30,0","   31,7","   33,5","   37,0","   41,1","   46,3","   51,6","   54,2","   56,5","   56,5","   56,2","   55,6","   54,7","   53,9","   53,8","   54,3","   55,6","   57,6","   60,2","   63,0","   65,7"
146,Ukraine,804,"   35,5","   41,4","   46,8","   50,6","   54,8","   58,4","   61,7","   64,7","   66,8","   67,0","   67,1","   67,8","   68,6","   69,1","   69,6","   70,5","   71,7","   73,2","   74,9","   76,8","   78,6"
147,Northern Europe,924,"   69,7","   70,6","   71,6","   72,7","   73,8","   75,2","   76,4","   76,8","   77,1","   77,5","   77,9","   78,9","   80,1","   81,4","   82,6","   83,8","   85,0","   86,1","   87,2","   88,3","   89,2"
148,Channel Islands,830,"   41,4","   40,0","   38,7","   37,4","   36,1","   34,2","   32,2","   31,8","   31,4","   30,5","   30,5","   30,7","   31,1","   31,0","   31,0","   31,4","   32,2","   33,4","   35,2","   37,2","   39,4"
149,Denmark,208,"   68,0","   69,6","   73,7","   77,0","   79,7","   82,1","   83,7","   84,4","   84,8","   85,0","   85,1","   85,9","   86,8","   87,5","   88,1","   88,8","   89,4","   90,2","   90,9","   91,6","   92,3"
150,Estonia,233,"   49,7","   53,6","   57,5","   61,3","   64,9","   67,6","   69,7","   70,8","   71,2","   70,3","   69,4","   68,7","   68,1","   68,4","   69,2","   70,2","   71,4","   72,8","   74,3","   75,8","   77,3"
151,Faeroe Islands,234,"   17,4","   18,6","   21,4","   25,6","   28,0","   30,3","   31,2","   30,8","   30,6","   34,1","   36,3","   39,8","   40,9","   41,6","   42,4","   43,4","   44,8","   46,4","   48,3","   50,5","   52,7"
152,Finland,246,"   43,0","   49,1","   55,3","   59,7","   63,7","   67,8","   71,7","   75,8","   79,4","   81,0","   82,2","   82,9","   83,8","   85,2","   85,5","   86,0","   86,6","   87,4","   88,2","   89,2","   90,0"
153,Iceland,352,"   72,8","   76,8","   80,3","   82,7","   84,9","   86,7","   88,3","   89,6","   90,8","   91,6","   92,4","   93,0","   93,6","   93,7","   93,9","   94,1","   94,4","   94,8","   95,1","   95,5","   95,8"
154,Ireland,372,"   40,1","   43,7","   45,2","   46,2","   51,3","   53,6","   55,3","   56,3","   56,9","   57,9","   59,2","   60,5","   61,5","   62,5","   63,7","   65,1","   66,8","   68,7","   70,8","   73,0","   75,1"
155,Isle of Man,833,"   52,9","   54,0","   55,1","   56,3","   55,8","   52,4","   51,8","   51,8","   51,7","   51,8","   51,8","   51,9","   52,0","   52,2","   52,9","   54,0","   55,4","   57,2","   59,3","   61,4","   63,4"
156,Latvia,428,"   46,4","   49,5","   52,9","   56,8","   60,7","   64,2","   67,1","   68,6","   69,3","   68,8","   68,1","   68,0","   67,8","   68,0","   68,3","   69,0","   69,9","   71,2","   72,7","   74,4","   75,9"
157,Lithuania,440,"   28,8","   34,1","   39,5","   44,5","   49,6","   55,7","   61,2","   65,0","   67,6","   67,3","   67,0","   66,6","   66,8","   67,2","   68,0","   69,2","   70,6","   72,4","   74,3","   76,2","   78,1"
158,Norway,578,"   50,5","   50,2","   49,9","   57,6","   65,4","   68,2","   70,5","   71,3","   72,0","   73,8","   76,0","   77,7","   79,1","   81,1","   83,0","   84,6","   86,1","   87,3","   88,4","   89,4","   90,2"
159,Sweden,752,"   65,7","   69,3","   72,5","   77,1","   81,0","   82,7","   83,1","   83,1","   83,1","   83,8","   84,0","   84,3","   85,1","   86,6","   88,0","   89,2","   90,3","   91,2","   91,9","   92,6","   93,2"
160,United Kingdom,826,"   79,0","   78,7","   78,4","   77,8","   77,1","   77,7","   78,5","   78,4","   78,1","   78,4","   78,7","   79,9","   81,3","   82,6","   83,9","   85,1","   86,3","   87,4","   88,4","   89,3","   90,2"
161,Southern Europe,925,"   46,2","   48,7","   51,3","   54,7","   58,3","   60,7","   62,8","   63,8","   64,6","   65,6","   66,4","   67,8","   69,2","   70,6","   72,1","   73,8","   75,4","   77,2","   78,9","   80,5","   82,1"
162,Albania,8,"   20,5","   26,9","   30,7","   31,2","   31,7","   32,7","   33,8","   35,1","   36,4","   38,9","   41,7","   46,7","   52,2","   57,4","   62,1","   66,1","   69,5","   72,2","   74,3","   76,3","   78,2"
163,Andorra,20,"   38,8","   48,6","   58,5","   70,4","   80,2","   87,3","   92,1","   95,2","   94,7","   93,7","   92,4","   90,3","   88,8","   88,3","   87,9","   87,7","   87,8","   88,2","   88,7","   89,5","   90,2"
164,Bosnia and Herzegovina,70,"   13,7","   16,2","   19,0","   22,8","   27,2","   31,3","   35,5","   37,6","   39,2","   40,8","   42,4","   44,0","   45,6","   47,2","   49,0","   51,2","   53,6","   56,2","   59,0","   61,9","   64,6"
165,Croatia,191,"   22,3","   26,0","   30,2","   35,0","   40,2","   43,9","   47,3","   49,3","   51,0","   52,3","   53,4","   54,3","   55,2","   56,2","   57,6","   59,3","   61,5","   63,9","   66,4","   68,9","   71,3"
166,Gibraltar,292,"   100,0","   100,0","   100,0","   100,0","   100,0","   100,0","   100,0","   100,0","   100,0","   100,0","   100,0","   100,0","   100,0","   100,0","   100,0","   100,0","   100,0","   100,0","   100,0","   100,0","   100,0"
167,Greece,300,"   52,2","   54,1","   55,9","   60,0","   64,2","   66,9","   69,3","   70,5","   71,5","   72,1","   72,7","   74,5","   76,3","   78,0","   79,7","   81,3","   82,8","   84,1","   85,4","   86,6","   87,7"
168,Holy See,336,"   100,0","   100,0","   100,0","   100,0","   100,0","   100,0","   100,0","   100,0","   100,0","   100,0","   100,0","   100,0","   100,0","   100,0","   100,0","   100,0","   100,0","   100,0","   100,0","   100,0","   100,0"
169,Italy,380,"   54,1","   56,9","   59,4","   61,8","   64,3","   65,6","   66,6","   66,8","   66,7","   66,9","   67,2","   67,7","   68,3","   69,6","   71,0","   72,6","   74,3","   76,0","   77,7","   79,5","   81,1"
170,Malta,470,"   88,9","   89,8","   90,1","   89,8","   89,7","   89,7","   89,8","   89,8","   90,4","   90,9","   92,4","   93,6","   94,1","   94,4","   94,7","   95,1","   95,4","   95,7","   96,0","   96,3","   96,6"
171,Montenegro,499,"   12,7","   15,5","   18,8","   22,6","   26,9","   31,6","   36,8","   42,3","   48,0","   53,4","   58,5","   62,5","   64,1","   65,8","   67,5","   69,2","   70,9","   72,5","   74,2","   75,8","   77,3"
172,Portugal,620,"   31,2","   33,0","   35,0","   36,9","   38,8","   40,8","   42,8","   45,3","   47,9","   51,1","   54,4","   57,5","   60,6","   63,5","   66,3","   68,9","   71,4","   73,6","   75,6","   77,5","   79,3"
173,San Marino,674,"   43,2","   46,0","   48,9","   54,4","   59,8","   71,5","   81,2","   88,3","   90,4","   91,7","   93,4","   94,5","   95,7","   96,7","   97,5","   98,0","   98,4","   98,6","   98,8","   98,9","   99,0"
174,Serbia,688,"   20,3","   24,4","   29,1","   34,2","   39,7","   43,1","   46,1","   48,3","   50,4","   51,7","   52,8","   53,9","   55,0","   55,7","   56,4","   57,6","   59,3","   61,3","   63,7","   66,3","   68,8"
175,Slovenia,705,"   19,9","   23,8","   28,2","   32,5","   37,0","   42,4","   48,0","   49,6","   50,4","   50,6","   50,8","   51,5","   52,7","   53,8","   55,1","   56,8","   58,8","   61,1","   63,6","   66,2","   68,8"
176,Spain,724,"   51,9","   54,2","   56,6","   61,3","   66,0","   69,6","   72,8","   74,2","   75,4","   75,9","   76,3","   77,3","   78,4","   79,6","   80,8","   82,1","   83,3","   84,6","   85,8","   86,9","   88,0"
177,TFYR Macedonia,807,"   23,4","   28,4","   34,0","   40,4","   47,1","   50,6","   53,5","   55,7","   57,8","   59,6","   58,5","   57,5","   57,1","   57,4","   58,5","   60,3","   62,7","   65,4","   68,0","   70,4","   72,8"
178,Western Europe,926,"   64,6","   66,5","   68,6","   70,6","   72,1","   72,9","   73,4","   73,5","   74,0","   74,9","   76,0","   77,3","   78,5","   79,4","   80,2","   81,2","   82,2","   83,4","   84,6","   85,9","   87,0"
179,Austria,40,"   63,6","   64,2","   64,7","   65,0","   65,3","   65,3","   65,4","   64,3","   63,0","   61,6","   60,2","   58,8","   57,4","   57,7","   58,7","   60,1","   61,8","   63,8","   66,1","   68,5","   70,9"
180,Belgium,56,"   91,5","   92,0","   92,5","   93,1","   93,8","   94,5","   95,4","   95,9","   96,4","   96,8","   97,1","   97,4","   97,7","   97,9","   98,1","   98,3","   98,4","   98,6","   98,7","   98,8","   98,9"
181,France,250,"   55,2","   58,2","   61,9","   67,1","   71,1","   72,9","   73,3","   73,7","   74,1","   74,9","   75,9","   77,1","   78,4","   79,7","   81,0","   82,3","   83,6","   84,9","   86,2","   87,3","   88,3"
182,Germany,276,"   67,9","   69,7","   71,4","   72,0","   72,3","   72,6","   72,8","   72,7","   73,1","   73,9","   75,0","   76,0","   77,0","   77,2","   77,5","   78,0","   78,9","   80,1","   81,5","   83,0","   84,3"
183,Liechtenstein,438,"   19,9","   20,4","   20,4","   19,5","   18,5","   18,3","   18,3","   17,6","   16,9","   16,5","   15,1","   14,7","   14,5","   14,3","   14,4","   14,8","   15,5","   16,5","   17,8","   19,2","   20,7"
184,Luxembourg,442,"   67,2","   68,4","   69,6","   72,0","   74,4","   77,3","   80,0","   80,7","   80,9","   82,9","   84,2","   86,6","   88,5","   90,2","   91,5","   92,4","   93,2","   93,8","   94,3","   94,7","   95,1"
185,Monaco,492,"   100,0","   100,0","   100,0","   100,0","   100,0","   100,0","   100,0","   100,0","   100,0","   100,0","   100,0","   100,0","   100,0","   100,0","   100,0","   100,0","   100,0","   100,0","   100,0","   100,0","   100,0"
186,Netherlands,528,"   56,1","   58,0","   59,8","   60,8","   61,7","   63,2","   64,7","   66,7","   68,7","   72,8","   76,8","   82,6","   87,1","   90,2","   92,2","   93,7","   94,8","   95,5","   96,0","   96,3","   96,6"
187,Switzerland,756,"   67,4","   69,1","   70,9","   72,4","   73,8","   74,2","   74,5","   74,2","   73,9","   73,7","   73,4","   73,5","   73,6","   73,7","   73,9","   74,5","   75,4","   76,6","   78,1","   79,8","   81,4"
188,LATIN AMERICA AND THE CARIBBEAN,904,"   41,3","   45,3","   49,4","   53,5","   57,3","   61,0","   64,6","   67,8","   70,7","   73,2","   75,5","   77,1","   78,6","   79,9","   81,2","   82,4","   83,6","   84,7","   85,8","   86,9","   87,8"
189,Caribbean,915,"   36,3","   38,3","   40,4","   43,5","   46,6","   50,1","   53,3","   56,7","   59,6","   61,1","   62,8","   65,4","   67,8","   70,0","   72,2","   74,3","   76,2","   78,0","   79,7","   81,1","   82,5"
190,Anguilla,660,"   100,0","   100,0","   100,0","   100,0","   100,0","   100,0","   100,0","   100,0","   100,0","   100,0","   100,0","   100,0","   100,0","   100,0","   100,0","   100,0","   100,0","   100,0","   100,0","   100,0","   100,0"
191,Antigua and Barbuda,28,"   30,1","   34,9","   39,7","   36,6","   33,8","   34,2","   34,6","   35,0","   35,4","   34,0","   32,1","   29,2","   26,2","   25,0","   24,4","   24,4","   24,8","   25,7","   27,2","   29,1","   31,0"
192,Aruba,533,"   50,9","   50,9","   50,8","   50,7","   50,6","   50,5","   50,5","   50,4","   50,3","   48,8","   46,7","   44,9","   43,1","   43,1","   43,7","   44,7","   46,2","   48,0","   50,2","   52,4","   54,6"
193,Bahamas,44,"   52,1","   55,9","   59,7","   63,3","   66,8","   70,0","   73,1","   76,7","   79,8","   81,0","   82,0","   82,2","   82,4","   82,7","   83,2","   83,9","   84,7","   85,7","   86,6","   87,6","   88,4"
194,Barbados,52,"   36,1","   36,4","   36,8","   37,1","   37,6","   38,9","   40,1","   38,7","   37,4","   35,6","   33,8","   32,8","   31,9","   31,2","   31,2","   31,7","   32,8","   34,5","   36,5","   38,6","   40,8"
195,British Virgin Islands,92,"   11,2","   11,7","   12,2","   14,3","   16,6","   19,5","   22,7","   29,7","   37,8","   40,4","   41,8","   43,2","   44,8","   46,6","   48,5","   50,6","   52,8","   55,0","   57,1","   59,3","   61,4"
196,Caribbean Netherlands,535,"   70,8","   72,6","   74,3","   75,9","   77,5","   78,4","   79,0","   78,4","   77,7","   76,4","   74,9","   74,8","   74,7","   74,8","   75,0","   75,6","   76,5","   77,6","   79,0","   80,3","   81,6"
197,Cayman Islands,136,"   100,0","   100,0","   100,0","   100,0","   100,0","   100,0","   100,0","   100,0","   100,0","   100,0","   100,0","   100,0","   100,0","   100,0","   100,0","   100,0","   100,0","   100,0","   100,0","   100,0","   100,0"
198,Cuba,192,"   56,5","   57,5","   58,4","   59,3","   60,3","   64,2","   68,1","   70,9","   73,4","   74,3","   75,3","   76,1","   76,6","   76,9","   77,2","   77,8","   78,7","   79,9","   81,2","   82,7","   84,1"
199,Curaçao,531,"   70,6","   72,7","   74,7","   76,6","   78,4","   80,2","   81,8","   83,3","   84,7","   87,7","   90,8","   90,5","   89,9","   89,4","   89,1","   89,1","   89,3","   89,9","   90,6","   91,2","   91,9"
200,Dominica,212,"   34,7","   36,3","   37,8","   38,2","   38,7","   42,7","   46,8","   54,7","   63,1","   64,8","   65,3","   66,6","   68,1","   69,6","   71,1","   72,6","   74,2","   75,7","   77,2","   78,6","   80,0"
201,Dominican Republic,214,"   23,7","   26,8","   30,2","   35,1","   40,3","   45,7","   51,3","   53,9","   55,2","   57,6","   61,8","   67,4","   73,8","   78,6","   82,5","   85,5","   87,8","   89,4","   90,5","   91,3","   92,0"
202,Grenada,308,"   28,5","   29,4","   30,3","   31,3","   32,2","   32,6","   32,9","   33,2","   33,4","   34,5","   35,7","   35,9","   35,9","   36,0","   36,5","   37,5","   38,9","   40,7","   42,8","   45,1","   47,3"
203,Guadeloupe,312,"   35,8","   47,5","   59,4","   70,4","   79,4","   86,2","   91,0","   94,3","   96,4","   97,7","   98,4","   98,4","   98,4","   98,4","   98,5","   98,6","   98,7","   98,8","   98,9","   98,9","   99,0"
204,Haiti,332,"   12,2","   13,8","   15,6","   17,6","   19,8","   20,4","   20,5","   23,3","   28,5","   32,6","   35,6","   42,6","   47,5","   52,4","   57,1","   61,3","   64,9","   68,0","   70,6","   72,8","   74,9"
205,Jamaica,388,"   24,1","   28,7","   33,8","   37,5","   41,3","   44,0","   46,7","   48,4","   49,4","   50,6","   51,8","   52,8","   53,7","   54,8","   56,3","   58,2","   60,3","   62,8","   65,4","   68,0","   70,4"
206,Martinique,474,"   32,9","   33,6","   40,1","   50,0","   61,0","   71,2","   79,6","   83,8","   86,3","   88,4","   89,7","   89,3","   89,1","   89,0","   89,1","   89,5","   90,1","   90,8","   91,4","   92,1","   92,6"
207,Montserrat,500,"   15,8","   15,8","   15,8","   13,4","   11,4","   12,0","   12,5","   12,5","   12,5","   12,5","   2,1","   9,3","   9,2","   9,0","   9,1","   9,4","   9,9","   10,6","   11,5","   12,5","   13,5"
208,Puerto Rico,630,"   40,6","   42,4","   44,5","   51,5","   58,3","   62,8","   67,8","   84,3","   92,9","   93,7","   94,4","   94,1","   93,8","   93,6","   93,6","   93,7","   94,0","   94,4","   94,8","   95,3","   95,7"
209,Saint Kitts and Nevis,659,"   26,5","   27,0","   27,6","   30,9","   34,1","   35,0","   35,9","   35,2","   34,6","   33,7","   32,8","   32,0","   31,3","   30,8","   30,8","   31,4","   32,4","   34,0","   36,1","   38,2","   40,3"
210,Saint Lucia,662,"   19,2","   20,3","   21,5","   22,7","   23,9","   25,2","   26,5","   27,9","   29,3","   28,8","   27,8","   23,1","   18,5","   18,5","   18,8","   19,5","   20,4","   21,6","   23,2","   24,9","   26,6"
211,Saint Vincent and the Grenadines,670,"   21,7","   23,8","   25,9","   28,3","   30,7","   33,2","   35,9","   38,6","   41,4","   43,4","   45,2","   47,0","   49,0","   51,0","   53,0","   55,2","   57,3","   59,4","   61,5","   63,5","   65,5"
212,Sint Maarten (Dutch part),534,"   100,0","   100,0","   100,0","   100,0","   100,0","   100,0","   100,0","   100,0","   100,0","   100,0","   100,0","   100,0","   100,0","   100,0","   100,0","   100,0","   100,0","   100,0","   100,0","   100,0","   100,0"
213,Trinidad and Tobago,780,"   26,3","   30,1","   34,2","   38,5","   43,0","   47,7","   52,3","   53,2","   54,1","   55,0","   55,9","   55,0","   54,0","   53,3","   53,2","   53,7","   54,8","   56,5","   58,6","   60,7","   62,7"
214,Turks and Caicos Islands,796,"   47,2","   47,4","   47,7","   49,4","   51,1","   53,1","   55,3","   65,4","   74,3","   79,9","   84,6","   87,7","   90,2","   92,2","   93,6","   94,6","   95,3","   95,8","   96,1","   96,4","   96,7"
215,United States Virgin Islands,850,"   58,3","   57,2","   56,5","   63,3","   69,6","   75,2","   80,1","   84,3","   87,7","   90,4","   92,6","   93,7","   94,6","   95,4","   95,9","   96,4","   96,8","   97,0","   97,2","   97,5","   97,6"
216,Central America,916,"   39,2","   42,8","   46,4","   50,1","   53,7","   57,1","   60,3","   62,7","   65,0","   67,1","   68,7","   70,3","   72,1","   73,7","   75,4","   76,9","   78,5","   80,0","   81,4","   82,8","   84,0"
217,Belize,84,"   55,3","   54,7","   54,0","   52,5","   51,0","   50,2","   49,4","   48,4","   47,5","   46,4","   45,4","   45,3","   45,2","   45,4","   46,0","   47,1","   48,6","   50,5","   52,7","   54,9","   57,1"
218,Costa Rica,188,"   33,5","   33,9","   34,3","   35,8","   38,8","   41,3","   43,1","   45,4","   50,0","   54,6","   59,1","   65,7","   71,7","   76,9","   80,8","   83,7","   85,8","   87,3","   88,3","   89,3","   90,1"
219,El Salvador,222,"   36,5","   37,4","   38,4","   38,9","   39,4","   41,6","   44,1","   46,7","   49,3","   54,0","   58,9","   61,6","   65,5","   69,7","   73,4","   76,6","   79,2","   81,2","   82,9","   84,2","   85,5"
220,Guatemala,320,"   25,1","   28,0","   31,1","   34,0","   35,5","   37,1","   38,7","   40,3","   42,0","   43,7","   45,3","   46,9","   48,4","   50,0","   51,8","   54,0","   56,4","   59,1","   61,8","   64,6","   67,2"
221,Honduras,340,"   17,6","   20,0","   22,7","   25,7","   28,9","   32,1","   34,9","   37,7","   40,5","   42,9","   45,5","   48,6","   51,9","   55,2","   58,4","   61,4","   64,3","   67,0","   69,5","   71,7","   73,9"
222,Mexico,484,"   42,7","   46,7","   50,8","   54,9","   59,0","   62,8","   66,3","   69,0","   71,4","   73,4","   74,7","   76,3","   77,8","   79,3","   80,7","   82,1","   83,5","   84,8","   86,0","   87,2","   88,2"
223,Nicaragua,558,"   35,2","   37,4","   39,6","   42,7","   47,0","   48,9","   50,3","   51,7","   53,1","   54,4","   55,2","   55,9","   56,9","   57,9","   59,0","   60,5","   62,3","   64,3","   66,7","   69,1","   71,4"
224,Panama,591,"   35,8","   38,5","   41,2","   44,4","   47,6","   49,0","   50,4","   52,1","   53,9","   58,1","   62,2","   63,7","   65,1","   66,7","   68,4","   70,3","   72,2","   74,2","   76,2","   78,1","   79,8"
225,South America,931,"   42,7","   47,2","   51,8","   56,0","   60,0","   63,8","   67,6","   71,1","   74,2","   77,0","   79,6","   81,1","   82,4","   83,5","   84,6","   85,6","   86,5","   87,5","   88,4","   89,3","   90,1"
226,Argentina,32,"   65,3","   69,6","   73,6","   76,4","   78,9","   81,0","   82,9","   85,0","   87,0","   88,2","   89,1","   90,0","   90,8","   91,5","   92,1","   92,7","   93,2","   93,8","   94,3","   94,7","   95,2"
227,Bolivia (Plurinational State of),68,"   33,8","   35,3","   36,8","   38,3","   39,8","   41,3","   45,5","   50,5","   55,6","   59,2","   61,8","   64,2","   66,4","   68,4","   70,1","   71,9","   73,7","   75,5","   77,4","   79,1","   80,8"
228,Brazil,76,"   36,2","   41,1","   46,1","   51,0","   55,9","   60,8","   65,5","   69,9","   73,9","   77,6","   81,2","   82,8","   84,3","   85,8","   87,1","   88,2","   89,3","   90,2","   91,0","   91,7","   92,4"
229,Chile,152,"   58,4","   63,3","   67,8","   71,7","   75,2","   78,4","   81,2","   82,6","   83,3","   84,5","   86,1","   86,8","   87,1","   87,4","   87,7","   88,2","   88,8","   89,5","   90,3","   91,1","   91,8"
230,Colombia,170,"   32,6","   39,2","   46,3","   52,8","   56,6","   60,3","   63,7","   67,0","   69,5","   71,8","   74,0","   76,0","   78,0","   79,8","   81,4","   82,9","   84,3","   85,6","   86,7","   87,8","   88,8"
231,Ecuador,218,"   28,3","   31,0","   33,9","   36,6","   39,3","   42,4","   47,0","   51,2","   55,1","   57,8","   60,3","   61,7","   62,7","   63,4","   64,2","   65,3","   66,7","   68,5","   70,5","   72,7","   74,8"
232,Falkland Islands (Malvinas),238,"   51,1","   50,8","   50,5","   51,8","   54,0","   56,3","   58,7","   64,0","   74,2","   66,0","   67,6","   70,8","   73,7","   76,3","   78,5","   80,4","   82,0","   83,4","   84,5","   85,5","   86,5"
233,French Guiana,254,"   53,7","   58,6","   63,3","   65,7","   67,4","   69,1","   70,8","   72,7","   74,6","   77,0","   79,1","   81,1","   82,9","   84,5","   85,8","   87,0","   87,9","   88,8","   89,6","   90,3","   91,0"
234,Guyana,328,"   28,0","   28,5","   29,0","   29,2","   29,4","   30,0","   30,5","   30,0","   29,6","   29,1","   28,7","   27,8","   26,6","   26,4","   26,8","   27,5","   28,6","   30,0","   31,9","   33,9","   36,0"
235,Paraguay,600,"   34,6","   35,1","   35,6","   36,2","   37,1","   39,0","   41,7","   45,0","   48,7","   52,1","   55,3","   57,6","   59,3","   60,8","   62,2","   63,8","   65,7","   67,7","   69,9","   72,1","   74,3"
236,Peru,604,"   41,0","   43,9","   46,8","   51,9","   57,4","   61,5","   64,6","   66,9","   68,9","   71,0","   73,0","   75,0","   76,4","   77,4","   78,3","   79,4","   80,5","   81,8","   83,1","   84,4","   85,7"
237,Suriname,740,"   46,9","   47,1","   47,3","   47,1","   45,9","   53,7","   65,0","   65,3","   65,7","   66,1","   66,4","   66,7","   66,3","   66,1","   66,1","   66,7","   67,6","   69,0","   70,6","   72,4","   74,0"
238,Uruguay,858,"   77,9","   79,1","   80,2","   81,3","   82,4","   83,4","   85,4","   87,2","   89,0","   90,5","   92,0","   93,3","   94,4","   95,0","   95,5","   95,9","   96,3","   96,6","   96,9","   97,2","   97,4"
239,Venezuela (Bolivarian Republic of),862,"   47,3","   54,6","   61,6","   67,0","   71,9","   75,8","   79,2","   81,9","   84,3","   86,0","   87,6","   88,0","   88,1","   88,2","   88,3","   88,6","   89,0","   89,6","   90,4","   91,1","   91,9"
240,NORTHERN AMERICA,905,"   63,9","   67,0","   69,9","   72,0","   73,8","   73,8","   73,9","   74,7","   75,4","   77,3","   79,1","   80,0","   80,8","   81,6","   82,6","   83,6","   84,7","   85,8","   86,9","   88,0","   89,0"
241,Bermuda,60,"   100,0","   100,0","   100,0","   100,0","   100,0","   100,0","   100,0","   100,0","   100,0","   100,0","   100,0","   100,0","   100,0","   100,0","   100,0","   100,0","   100,0","   100,0","   100,0","   100,0","   100,0"
242,Canada,124,"   60,9","   65,7","   69,1","   72,9","   75,7","   75,6","   75,7","   76,4","   76,6","   77,7","   79,5","   80,1","   80,9","   81,3","   81,6","   82,1","   82,9","   83,8","   85,0","   86,2","   87,3"
243,Greenland,304,"   49,0","   53,8","   58,5","   66,1","   72,7","   74,4","   76,1","   78,0","   79,7","   80,9","   81,6","   82,9","   84,4","   86,1","   87,3","   88,4","   89,3","   90,1","   90,9","   91,5","   92,1"
244,Saint Pierre and Miquelon,666,"   80,0","   83,5","   86,4","   87,8","   88,4","   88,9","   89,5","   89,3","   88,9","   88,9","   89,1","   89,9","   89,9","   89,9","   90,0","   90,2","   90,5","   91,0","   91,6","   92,2","   92,7"
245,United States of America,840,"   64,2","   67,2","   70,0","   71,9","   73,6","   73,7","   73,7","   74,5","   75,3","   77,3","   79,1","   79,9","   80,8","   81,7","   82,7","   83,7","   84,9","   86,0","   87,1","   88,2","   89,2"
246,OCEANIA,909,"   62,5","   64,7","   66,9","   68,5","   70,2","   70,9","   70,9","   70,5","   70,3","   69,5","   68,3","   68,0","   68,1","   68,1","   68,2","   68,5","   68,9","   69,4","   70,2","   71,1","   72,1"
247,Australia/New Zealand,927,"   76,2","   78,3","   80,5","   82,3","   83,5","   84,4","   85,2","   85,3","   85,3","   85,0","   84,5","   84,9","   85,3","   85,8","   86,3","   86,9","   87,7","   88,5","   89,3","   90,2","   91,0"
248,Australia,36,"   77,0","   79,4","   81,5","   83,1","   84,0","   84,8","   85,6","   85,6","   85,4","   84,9","   84,2","   84,6","   85,2","   85,7","   86,2","   86,9","   87,6","   88,4","   89,3","   90,2","   91,0"
249,New Zealand,554,"   72,5","   73,6","   76,0","   78,9","   81,1","   82,8","   83,4","   83,7","   84,7","   85,6","   86,0","   86,3","   86,2","   86,3","   86,7","   87,2","   87,8","   88,6","   89,4","   90,3","   91,1"
250,Melanesia,928,"   5,7","   7,0","   8,8","   11,1","   14,9","   17,0","   18,0","   18,8","   19,8","   19,5","   18,9","   18,9","   19,0","   19,2","   19,6","   20,3","   21,4","   22,8","   24,7","   26,8","   29,1"
251,Fiji,242,"   24,4","   26,9","   29,7","   32,6","   34,8","   36,7","   37,8","   38,5","   41,6","   45,5","   47,9","   49,9","   52,2","   54,7","   57,2","   59,7","   62,0","   64,1","   66,2","   68,1","   69,9"
252,New Caledonia,540,"   24,6","   30,6","   37,4","   44,6","   51,2","   55,2","   57,4","   58,8","   59,6","   60,3","   61,9","   64,0","   67,1","   69,4","   71,5","   73,5","   75,3","   76,9","   78,4","   79,8","   81,1"
253,Papua New Guinea,598,"   1,7","   2,5","   3,7","   5,5","   9,8","   11,9","   13,0","   14,0","   15,0","   14,1","   13,2","   13,1","   13,0","   13,0","   13,3","   14,1","   15,2","   16,8","   19,0","   21,4","   24,0"
254,Solomon Islands,90,"   3,8","   4,7","   5,8","   7,2","   8,9","   9,1","   10,6","   12,4","   13,7","   14,7","   15,8","   17,8","   20,0","   22,4","   24,7","   26,9","   29,1","   31,2","   33,2","   35,2","   37,3"
255,Vanuatu,548,"   8,8","   9,5","   10,4","   11,3","   12,3","   13,4","   14,7","   16,7","   18,7","   20,2","   21,7","   23,1","   24,5","   25,0","   25,5","   26,3","   27,4","   28,7","   30,4","   32,3","   34,4"
256,Micronesia,954,"   30,7","   33,6","   36,8","   40,7","   45,6","   56,3","   60,5","   61,4","   62,2","   63,6","   65,6","   65,9","   66,6","   67,9","   69,2","   70,4","   71,5","   72,6","   73,6","   74,6","   75,5"
257,Guam,316,"   41,3","   45,7","   50,1","   55,5","   61,9","   83,6","   93,8","   92,3","   90,8","   92,1","   93,1","   93,6","   94,1","   94,5","   94,9","   95,3","   95,7","   96,0","   96,3","   96,6","   96,8"
258,Kiribati,296,"   11,0","   13,4","   16,3","   19,6","   24,1","   29,6","   32,3","   33,5","   35,0","   36,4","   43,0","   43,6","   47,4","   51,6","   55,6","   59,1","   62,2","   64,8","   66,9","   68,8","   70,6"
259,Marshall Islands,584,"   23,3","   29,1","   35,6","   42,7","   53,5","   60,6","   58,3","   61,9","   65,1","   66,7","   68,6","   71,1","   73,6","   75,8","   77,8","   79,5","   81,1","   82,4","   83,6","   84,7","   85,7"
260,Micronesia (Fed. States of),583,"   20,0","   21,1","   22,3","   23,5","   24,8","   25,9","   26,4","   26,1","   25,8","   25,1","   22,3","   22,3","   22,3","   22,5","   22,9","   23,7","   24,9","   26,5","   28,3","   30,2","   32,2"
261,Nauru,520,"   100,0","   100,0","   100,0","   100,0","   100,0","   100,0","   100,0","   100,0","   100,0","   100,0","   100,0","   100,0","   100,0","   100,0","   100,0","   100,0","   100,0","   100,0","   100,0","   100,0","   100,0"
262,Northern Mariana Islands,580,"   42,0","   45,8","   51,2","   58,8","   70,1","   80,6","   86,8","   88,4","   89,7","   89,6","   90,2","   90,6","   90,9","   91,4","   91,8","   92,3","   92,8","   93,3","   93,7","   94,2","   94,6"
263,Palau,585,"   53,9","   55,4","   56,8","   58,3","   59,7","   61,1","   62,5","   67,4","   69,6","   71,4","   70,3","   71,2","   74,8","   78,2","   81,0","   83,3","   85,0","   86,4","   87,5","   88,4","   89,2"
264,Polynesia,957,"   23,0","   26,3","   28,6","   31,1","   34,3","   36,4","   37,7","   39,3","   40,8","   41,6","   42,7","   43,5","   44,3","   44,5","   44,4","   44,5","   45,0","   45,7","   46,7","   47,9","   49,3"
265,American Samoa,16,"   61,8","   64,0","   66,2","   68,3","   70,4","   72,4","   74,3","   77,8","   80,9","   85,3","   88,6","   88,1","   87,6","   87,2","   87,2","   87,3","   87,8","   88,5","   89,3","   90,1","   90,8"
266,Cook Islands,184,"   38,0","   42,2","   46,5","   50,8","   53,3","   54,0","   53,8","   55,2","   57,7","   58,7","   65,2","   71,0","   73,3","   74,4","   75,5","   76,6","   77,8","   79,1","   80,3","   81,6","   82,8"
267,French Polynesia,258,"   33,3","   37,7","   42,3","   48,2","   55,2","   58,3","   59,0","   58,6","   57,9","   56,6","   56,0","   57,4","   60,3","   61,7","   62,0","   62,6","   63,5","   64,7","   66,3","   68,1","   69,9"
268,Niue,570,"   21,5","   21,5","   21,5","   21,5","   21,1","   23,4","   27,0","   31,0","   30,9","   31,5","   33,1","   35,2","   38,7","   42,6","   46,2","   49,5","   52,5","   55,0","   57,2","   59,3","   61,4"
269,Samoa,882,"   12,9","   17,4","   18,9","   19,3","   20,4","   21,0","   21,2","   21,2","   21,2","   21,5","   22,0","   21,2","   20,1","   18,9","   17,9","   17,4","   17,3","   17,7","   18,6","   20,0","   21,5"
270,Tokelau,772,"0,0","0,0","0,0","0,0","0,0","0,0","0,0","0,0","0,0","0,0","0,0","0,0","0,0","0,0","0,0","0,0","0,0","0,0","0,0","0,0","0,0"
271,Tonga,776,"   12,9","   15,5","   17,6","   19,5","   20,2","   20,3","   21,2","   22,3","   22,7","   22,9","   23,0","   23,2","   23,4","   23,3","   23,1","   23,3","   23,8","   24,8","   26,1","   27,9","   29,8"
272,Tuvalu,798,"   11,2","   13,4","   15,9","   18,8","   22,1","   25,8","   29,8","   34,3","   40,7","   44,0","   46,0","   49,7","   54,8","   59,7","   64,0","   67,6","   70,5","   72,8","   74,5","   76,1","   77,6"
273,Wallis and Futuna Islands,876,"0,0","0,0","0,0","0,0","0,0","0,0","0,0","0,0","0,0","0,0","0,0","0,0","0,0","0,0","0,0","0,0","0,0","0,0","0,0","0,0","0,0"